Id,Prediction
1,-1.2215011559695956
2,-1.2215011559695956
3,-1.2215011559695956
4,-1.2215011559695956
5,-1.2215011559695956
6,-1.2215011559695956
7,-1.2215011559695956
8,-1.2215011559695956
9,-1.2215011559695956
10,-1.2215011559695956
11,-1.2215011559695956
12,-1.2214979156837513
13,-1.2215011559695956
14,-1.2215011559695956
15,-1.2215011559695956
16,-1.2215011559695956
17,-1.2215011559695956
18,-1.2215011559695956
19,-1.2215011559695956
20,-1.2215011559695956
21,-1.2215011559695956
22,-1.2215011559695956
23,-1.2215011559695956
24,-1.2215011559695956
25,-1.2215011559695956
26,-1.2215011559695956
27,-1.2215011559695956
28,-1.2215011559695956
29,-1.2215011559695956
30,-1.2215011559695956
31,-1.2215011559695956
32,-1.2215011559695956
33,-1.2215011559695956
34,-1.2215011559695956
35,-1.2215011559695956
36,-1.2215011559695956
37,-1.2215011559695956
38,-1.2215011559695956
39,-1.2215011559695947
40,-1.2215011559695956
41,-1.2215011559695956
42,-1.2215011559695956
43,-1.2215011559695956
44,-1.2215011559695956
45,-1.2215011559695956
46,-1.2215011559695956
47,-1.2215011559695956
48,-1.2215011559695956
49,-1.2215011559695954
50,-1.2215011559695956
51,-1.2215011559695956
52,-1.2215011559695956
53,-1.2215011559695956
54,-1.2215011559695956
55,-1.2215011559695956
56,-1.2215011559695956
57,-1.2215011559695956
58,-1.2215011559695956
59,-1.2215011559695956
60,-1.2215011559695956
61,-1.2215011559695956
62,-1.2215011559695956
63,-1.2215011559695956
64,-1.2215011559695956
65,-1.2215011559695956
66,-1.2215011559695956
67,-1.2215011559695956
68,-1.2215011559695956
69,-1.2215011559695956
70,-1.2215011559695956
71,-1.2215011559695956
72,-1.2215011559695956
73,-1.2215011559695956
74,-1.2215011559695956
75,-1.2215011559695956
76,-1.2215011559695956
77,-1.2215011559695956
78,-1.2215011559695956
79,-1.2215011559695956
80,-1.2215011559695956
81,-1.2215011559695956
82,-1.2215011559686049
83,-1.2215011559695956
84,-1.2215011559695956
85,-1.2215011559695956
86,-1.2215011559695956
87,-1.2215011559695956
88,-1.2215011559695956
89,-1.2215011559695956
90,-1.2215011559695956
91,-1.2215011559695956
92,-1.2215011559695954
93,-1.2215011559695956
94,-1.2215011559695956
95,-1.2215011559695956
96,-1.2215011559695956
97,-1.2215011559695956
98,-1.2215011559695956
99,-1.2215011559695956
100,-1.2215011559695956
101,-1.2215011559695956
102,-1.221501155968114
103,-1.2215011559695956
104,-1.2215011559695956
105,-1.2215011559695956
106,-1.2215011559695956
107,-1.2215011559695956
108,-1.2215011559695956
109,-1.2215011559695956
110,-1.2215011559695956
111,-1.2215011559695956
112,-1.2215011559695956
113,-1.2215011559695956
114,-1.2215011559695956
115,-1.2215008574943376
116,-1.2215011559695956
117,-1.2215011559695956
118,-1.2215011559695956
119,-1.2215011559695956
120,-1.2215011559695956
121,-1.2215011559695956
122,-1.2215011559695956
123,-1.2215011559695956
124,-1.2215011559695956
125,-1.2215011559695956
126,-1.2215011559695956
127,-1.2215011559695956
128,-1.2215011559695956
129,-1.2215011559695956
130,-1.2215011556827955
131,-1.2215011559695956
132,-1.2215011559695956
133,-1.2215011559695956
134,-1.2214948462475375
135,-1.2215011559695956
136,-1.2215011559692528
137,-1.2215011559695956
138,-1.2215011559695956
139,-1.2215011559695956
140,-1.2215011559695956
141,-1.2215011559695956
142,-1.2215011559695956
143,-1.2215011559695956
144,-1.2215011559695956
145,-1.2215011559695956
146,-1.221501155676773
147,-1.2215011559695956
148,-1.2215011559695956
149,-1.2215011559695956
150,-1.2215011559695956
151,-1.2215011559695956
152,-1.2215011559695956
153,-1.2215011559695956
154,-1.2215011559695956
155,-1.2215011559695956
156,-1.2215011559695956
157,0.7784988440304044
158,-1.2215011559695956
159,-1.2215011559695956
160,-1.2215011559695956
161,-1.2215011559695956
162,-1.221501155969589
163,-1.2215011559695956
164,-1.2215011559695939
165,-1.2215011559695956
166,-1.2215011559695956
167,-1.2215011559695956
168,-1.2215011559695956
169,-1.2215011559695956
170,-1.2215011559695956
171,-1.2215011559695956
172,-1.2215011559695956
173,-1.2215011559695956
174,-1.2215011559695956
175,-1.2215011559695956
176,-1.2215011559695956
177,-1.2215011559695956
178,-1.2215011559695956
179,-1.2215011559695956
180,-1.2215011559695956
181,-1.2215011559695956
182,-1.2215011559695956
183,-1.2215011559695956
184,-1.2215011559695956
185,-1.2215011559695956
186,-1.2215011559695956
187,-1.2215011559695956
188,-1.2215011559695956
189,-1.2215011559695956
190,-1.2215011559695956
191,-1.2215011559695956
192,-1.2215011559695956
193,-1.2215011559695956
194,-1.2215011559695956
195,-1.2215011559695956
196,-1.2215011559695956
197,-1.2215011559695956
198,-1.2215011559695956
199,-1.2215011559695956
200,-1.2215011559695956
201,-1.2215011559695956
202,-1.2215011559695956
203,-1.2214573036681076
204,-1.2215011559695956
205,-1.2215011559695956
206,-1.2215011559695956
207,-1.2215011559695774
208,0.7810473632124737
209,-1.2215011559695956
210,-1.2215011559695956
211,-1.2215011559685842
212,-1.2215011559695956
213,-1.2215011559695221
214,-1.2215011559695956
215,-1.2215011559695956
216,-1.2215011559695956
217,-1.2215011559695956
218,-1.2215011559695956
219,-1.2215011559695956
220,-1.2215011530155218
221,-1.2215011559695175
222,-1.2215011559695956
223,-1.2215011559695956
224,-1.2215011559695956
225,-1.2215011559695956
226,-1.2215011559695956
227,-1.2215011559695956
228,-1.2215011559695956
229,-1.2215011559695956
230,-1.2215011559695956
231,-1.2215011559695956
232,-1.2215011559695956
233,-1.2215011559469038
234,-1.2215011559469038
235,-1.2215011559695956
236,-1.2215011559695956
237,-1.2215011559695956
238,-1.2215011559695956
239,-1.0818600733600439
240,-1.2215011559695956
241,-1.2215011559695956
242,-1.2215011559695956
243,-1.2215011559695956
244,-1.2215011559695956
245,-1.2215011559695956
246,-1.2215011559695956
247,-1.2215011559695956
248,0.7784988440304044
249,-1.2215011559695956
250,-1.2215011559695956
251,-1.2215011559695956
252,-1.2215011559695956
253,-1.2215011559695956
254,-1.2215010966056263
255,-1.2215011559695956
256,-1.2215011559695956
257,-1.2215011559695956
258,-1.2215011559695956
259,-1.2215011559695956
260,-1.2215011559695956
261,-1.2215011559695956
262,-1.2215011559695956
263,-1.2215011559695947
264,-1.2215011559695956
265,-1.2215011559695956
266,-1.2215011559695956
267,-1.2215011559695175
268,-1.2215011559695956
269,-1.2215011559695956
270,-1.2215011559695956
271,-1.2215011559695956
272,-1.2215011559695956
273,-1.2215011559695956
274,-1.2215011559695956
275,-1.2215011559695956
276,-1.2215011559695956
277,-1.2215011559695956
278,-1.2215011559695956
279,-1.2215011559695956
280,-1.2215011559695956
281,-1.2215011559695597
282,-1.2215011559695956
283,-1.2215011559695956
284,-1.2215011559695956
285,-1.2215011559695956
286,-1.2215011559695956
287,-1.2215011559695956
288,-1.2215011559695956
289,-1.2215011559695956
290,-1.2215011559695956
291,-1.2215011559695956
292,-1.2215011559695956
293,-1.2215011559695956
294,-1.2215011559695956
295,-1.2215011557643485
296,-1.2215011559695956
297,-1.2215011559695956
298,-1.2215011559695956
299,-1.2215011559695956
300,-1.2215011559695956
301,-1.221501155968928
302,-1.2215011559695956
303,-1.2215011559695956
304,-1.2215011559695956
305,-1.2215011559695956
306,-1.2215011559695956
307,-1.2215011559695956
308,-1.2215011559695956
309,-1.1501531686781714
310,-1.2215011559695956
311,-1.2215011559695956
312,-1.2215011559695956
313,-1.2215011559695956
314,-1.2215011559695956
315,-1.2215011559695954
316,-1.2215011559695956
317,-1.2215011559695956
318,-1.2215011559695956
319,-1.2215011559695956
320,-1.2215011559695956
321,-1.2215011559695956
322,-1.2215011559695956
323,-1.2215011559695956
324,-1.2215011559695956
325,-1.2215011559695956
326,-1.2215011559695956
327,-1.2215011559695956
328,-1.2215011559695956
329,-1.2215011559695956
330,-1.2215011559695956
331,-1.2215011559695956
332,-1.2215011559695956
333,-1.2215011559695956
334,-1.2215011559695956
335,-1.2215011559695956
336,-1.2215011559695956
337,-1.2215011559695956
338,-1.2215011559695956
339,-1.2215011559695956
340,-1.2215011559695956
341,-1.2215011559695956
342,-1.2215011559695956
343,-1.2215011559695956
344,-1.2215011559695956
345,-1.2215011558414584
346,-1.221488867244547
347,-1.2215011559695956
348,-1.221484912938525
349,-1.2215011559695956
350,-1.2215011559695956
351,-1.2215011559695956
352,-1.2215011559695956
353,-1.2214988348388927
354,-1.2215011559695956
355,-1.2215011559695956
356,-1.2215011559695956
357,-1.2215011559695956
358,-1.2215011559695956
359,0.7784988607557024
360,-1.221500027209599
361,-1.2215011559695956
362,-1.2215011559695956
363,-1.2215011559695956
364,-1.2215011559695956
365,-1.2215011559695956
366,-1.2215011559695956
367,-1.2215011559695956
368,-1.2215011559695956
369,-1.2215011559695956
370,-1.2215011559695956
371,-1.2215011559695932
372,-1.2215011559685842
373,-1.2215011559695956
374,-1.2215009308713367
375,-1.2215011559695956
376,-1.2215011559695956
377,-1.221501154453077
378,-1.2215011559695956
379,-1.2215011559695956
380,-1.2215011559695956
381,-1.2215011559695956
382,-1.2215011559695956
383,-1.2215011559695956
384,-1.2215011559695956
385,-1.2215011559695956
386,-1.2215011559695956
387,-1.2215011559695956
388,-1.2214978563412087
389,-1.2215011559695956
390,-1.2215011559695956
391,-1.2215011559695956
392,-1.2215011559695956
393,-1.2215011559695956
394,0.7791732463052405
395,-1.2215011559695956
396,-1.2215011559695956
397,-1.2215011559695956
398,-1.2215011559695956
399,-1.2215011559695954
400,-1.2215011559695956
401,-1.2215011559695956
402,-1.2215011559695956
403,-1.2215011559695956
404,-1.2215011559695956
405,-1.2215011559695956
406,-1.2215011559695956
407,-1.2215011559695956
408,-1.221500944252877
409,-1.2215011559695956
410,-1.2215011397814435
411,-1.2215011559695956
412,-1.2215011559695956
413,-1.2215011559695956
414,-1.2215011559695956
415,-1.2215011559695956
416,-1.2215011559695956
417,-1.2215011559695006
418,-1.2215011559695956
419,-1.2215011559695956
420,-1.2215011559695956
421,-1.2215011559695956
422,-1.2215011559695956
423,-1.2215011559695956
424,-1.2215011559695956
425,-1.2215011559695956
426,-1.2215011559695956
427,-1.2215011559695956
428,-1.2215011559695956
429,-1.2215003520156362
430,-0.17702129566468705
431,-1.2215011559695956
432,-1.2215011559695956
433,-1.2215011559184228
434,-1.2215011559682953
435,-1.2215011559695956
436,-1.2215011551497912
437,-1.2215011559639
438,-1.2215011559695956
439,-1.221500944252877
440,0.7784988440304044
441,-1.2215011559695956
442,-1.2215011558985676
443,-1.2215011559695956
444,-1.2215011559695956
445,-1.2215011559695956
446,-1.2215011559695956
447,-1.2215011559695956
448,-1.2215011559695956
449,-1.2215011559695956
450,-1.2215011559695956
451,-1.2215011559695956
452,-1.2215011559695956
453,-1.2215011559695956
454,-1.2215011559695956
455,-1.2215011559695956
456,-1.1848694856802415
457,-1.2215011559695956
458,-1.2215011559695956
459,-1.2215011559695956
460,-1.2215011559695956
461,-1.2215011559695956
462,-1.2215011559695956
463,-1.2215011559695956
464,-1.2215011559694995
465,-1.2215011559695956
466,-1.2215011559695956
467,-1.2215011559695956
468,-1.2215011559695956
469,-1.2215011559695956
470,-1.2215011559694184
471,-1.2215011559695956
472,-1.2215011559695925
473,-1.2215011502164526
474,0.7784988440304041
475,-1.2215011559695956
476,-1.2215011559695956
477,-1.2215011559695956
478,-1.2215011559695956
479,-1.2215011559695956
480,-1.2215011559695956
481,-1.2215011559695956
482,-1.2215011559695956
483,-1.2215011559695956
484,-1.2215011559695956
485,-1.2215011559695956
486,-1.221501152219361
487,-1.2215011559695956
488,-1.2215011559695956
489,-1.2215011559695956
490,0.7784988440304044
491,-1.2215011559695956
492,-1.2215011559695956
493,-1.2215011559695956
494,-1.2215011559695956
495,-1.2215011559695956
496,-1.2215011559695956
497,-1.2215011559695956
498,-1.2215011559695954
499,-1.2215011559694195
500,-1.2215011559695956
501,-1.2215011559695956
502,-1.2215011559695956
503,-1.2215011559695956
504,-1.2215011559695956
505,-1.2215010731684526
506,-1.2215011559695956
507,-1.2215011559695956
508,-1.2215011559695956
509,-1.2215011559695956
510,-1.2215011559695956
511,-1.2215011559695956
512,-1.2215011559695956
513,-1.2215011559695956
514,-1.2215011559695956
515,-1.2215011559695956
516,-1.2215011559695956
517,-1.2215011559695956
518,-1.2215011559695956
519,-1.2215011559695956
520,-1.2215011559695956
521,-1.2215011559695956
522,-1.2215011559308306
523,-1.2215011559695956
524,-1.2215011559695956
525,-1.2215011559695956
526,-1.2215011559695956
527,-1.2215011559695956
528,-1.2215011559695956
529,-1.2215011559695956
530,-1.2215011559695956
531,-1.2215011559695956
532,-1.2215011559695956
533,-1.2215011559695956
534,-1.2215011559695956
535,-1.2215011559695956
536,-1.2215011559695956
537,-1.2215011559695956
538,-1.2213014962726279
539,-1.2215011559695956
540,-1.2215011559695956
541,-1.2215011559695956
542,-1.2215011559695956
543,-1.2215011559695956
544,-1.2215011559695956
545,-1.2215011559695956
546,-1.2215011559695956
547,-1.2215011559695956
548,-1.2215011559695956
549,-1.2215011559695956
550,-1.2214033609332373
551,-1.2215011559695956
552,-1.2215011559695956
553,-1.2215011559695956
554,-1.2215011559695956
555,-1.2215011559695956
556,-1.2215011559695956
557,-1.221501155969589
558,-1.2215011559695956
559,-1.2215011559695956
560,-1.2215011559691045
561,-1.2215011559695956
562,-1.2215011559695956
563,-1.2215011556831281
564,-1.2215011559695956
565,-1.2215011559695956
566,-1.2215011559695956
567,-1.2215011559695956
568,-1.2215011559695956
569,-1.2215011559695956
570,-1.2215011559695956
571,-1.2215011559695956
572,-1.2215011559695956
573,-1.2215011559695956
574,-1.2215011559695956
575,-1.2215011559695956
576,-1.2215011559695956
577,-1.2215011559695956
578,-1.2215011559695956
579,-1.221501155969583
580,-1.2215011559695956
581,-1.218955888366916
582,-1.2215011559695956
583,0.7784988440304041
584,-1.2215011559695956
585,-1.2215011559695956
586,1.0916336242141087
587,-1.2215011559691045
588,-1.2187604819439897
589,-1.2215011559695956
590,-1.2215011559695956
591,-1.2215011559695956
592,-1.2215011559695956
593,-1.2215011559695956
594,-1.2215011559695952
595,-1.2215011559695956
596,-1.2215011559686433
597,-1.2215011559695956
598,-1.2215011559695956
599,-1.2215011559695956
600,-1.2215011559695956
601,-1.2215011502164526
602,-1.221324301992179
603,-1.2214948462503306
604,-1.2215011559695956
605,-1.2215011559695956
606,-1.22102041693325
607,-1.2215011559695956
608,-1.2215011559695956
609,-1.2215011559695956
610,-1.2215011559695956
611,-1.2215011559695956
612,-1.2215011559695956
613,-1.1952536983793445
614,-1.2215011559695956
615,-1.2215011559695956
616,-1.2215011559695956
617,-1.2215011559695956
618,-1.2215011559695956
619,-1.2215011559695956
620,-1.2215011559695956
621,-1.2215011559695956
622,-1.2215011559695956
623,-1.2215011559695956
624,-1.2215011559695956
625,-1.2215011559695956
626,-1.2215011559695956
627,-1.2215011559695956
628,-1.2215011559695956
629,-1.2215011559695956
630,-1.2214988348388927
631,-1.2215011559695956
632,-1.2215011559695956
633,-1.2215011559695956
634,-1.2214869435783045
635,-1.221501155969409
636,-1.2215011559695956
637,-1.2215011559695956
638,-1.2215011559695956
639,-1.2215011559695956
640,-1.2215011559695956
641,-1.2215011559695956
642,-1.2215011559695956
643,-1.2215011559695956
644,-1.2215011559695956
645,-1.2215011559695956
646,-1.2215011559695956
647,-1.2215011559695956
648,-1.2215011559695956
649,-1.2215011559695956
650,-1.2215011559695956
651,-1.2215011559695956
652,-1.2215011559695956
653,-1.221501155969562
654,-1.2215011559695956
655,-1.2215011559695956
656,-1.221500944252877
657,-1.2215011559695956
658,-1.22149996433687
659,-1.2215011559695956
660,-1.2215011559695956
661,-1.221494716530572
662,-1.2215011559695956
663,0.7784988440304044
664,-1.2215011559695956
665,-1.2215011559695956
666,-1.2215011559695956
667,-1.2215011559695956
668,-1.2215011559695956
669,-1.2215011559695956
670,-1.2215011559695956
671,-1.2215011559695956
672,-1.2215011559695956
673,0.7784988440304044
674,-1.2215011559695956
675,-1.2215011506601312
676,-1.2215011559695956
677,-1.2215011559695956
678,-1.2215011559695956
679,-1.2215011559695956
680,-1.2215011559695046
681,-1.2215011559695956
682,-1.2215011559695956
683,-1.221501155969591
684,-1.2215011559695956
685,-1.2215011559695956
686,-1.2215011559695956
687,-1.2215011559695956
688,-1.2215011559695956
689,-1.1848694856802415
690,-1.2215011559695956
691,-0.17702129566468705
692,-1.2215011559695934
693,-1.2214839755851221
694,-1.2215011559546252
695,-1.2215011559695956
696,-1.221262829423681
697,-1.2215011559695956
698,-1.2215011558985955
699,-1.2215011559695956
700,-1.2215011559695956
701,-1.2215011559695956
702,-1.0390638832485974
703,-1.2215011559695956
704,-1.2215011559695956
705,-1.2215011559695956
706,-1.2215011559695956
707,-1.2215011559695956
708,-1.2215011559695956
709,-1.2215011559695956
710,-1.2215011559695956
711,-1.2215011559695956
712,-1.2215011559695956
713,-1.2215011559695956
714,-1.2215011559695956
715,-1.2215011559695956
716,-1.2215011559695956
717,-1.2215011559695956
718,-1.2215011559695956
719,-1.2215011559695956
720,-1.2215011559695956
721,-1.2215011559695956
722,-1.2215011559695956
723,-1.2215011559695956
724,-1.2215011559695956
725,-1.2215011559695956
726,-1.2215011559695956
727,-1.2215011559695956
728,-1.2215011559695956
729,-1.2215011559695956
730,-1.2215011559695956
731,-1.221403360815127
732,-1.2215011559695956
733,-1.2215011559695956
734,-1.2215011559668538
735,-1.2215011559695956
736,-1.2215011559695956
737,-1.2215011559695919
738,-1.2215011559695939
739,-1.2215011559695956
740,-1.2215011559695956
741,-1.2215011559695956
742,-1.2215011559695956
743,-1.2215011559695046
744,-1.2215011559695956
745,-1.2215011559695956
746,-1.2215011559695956
747,-1.2215011559695956
748,-1.2215011559695956
749,-1.2215011559695956
750,-1.2215011559695956
751,-1.2215011559695956
752,-1.2215011559686433
753,-1.2215011559695956
754,-1.2215011559695956
755,-1.2215011559695956
756,-1.2215011559695956
757,-1.2215011559695956
758,-1.2215011559695956
759,-1.2215011559695956
760,-1.2215011559695956
761,-1.2215011559695956
762,-1.2215011559695956
763,-1.2215011559695956
764,-1.2215011559695956
765,-1.2215011559695956
766,-1.2215011559695956
767,-1.2215011559695956
768,-1.2215011559695956
769,-1.2215011559695956
770,-1.2215011559695956
771,-1.2215011559695956
772,-1.2215011559695956
773,-1.2215011559695956
774,-1.2215011559695956
775,-1.2215011559695956
776,-1.2215011505246478
777,-1.2215011559695956
778,-1.2215011559695956
779,-1.2215011559695956
780,-1.2215011559695956
781,-1.2215003020730288
782,-0.814577695338522
783,-1.221262829423681
784,-1.221262829423681
785,-1.2215011559695956
786,-1.2215011559695956
787,-1.2215011559695956
788,-1.2215011559695956
789,-1.2215011559695956
790,-1.2215011559695956
791,-1.2215011559695956
792,-1.2215011559695956
793,-1.2215011559695956
794,-1.2215011559695956
795,-1.2215011559695956
796,-1.2215011559695956
797,-1.2215011559695956
798,-1.2215011559695956
799,-1.2215011559695956
800,-1.2215011559695956
801,-1.2215011559695956
802,-1.2215011559695956
803,-1.2215011559695954
804,-1.2215011559695956
805,-1.2215011559695956
806,-1.2215011559695956
807,-1.2215011559695956
808,-1.2215011559695956
809,-1.2215011559695956
810,-1.2215011559695956
811,-1.2215011559695956
812,-1.2215011559695956
813,-1.2215011559695461
814,-1.2215011559695956
815,0.7784988687314598
816,-1.2215011559695956
817,-1.2215011559695956
818,-1.2215011559695956
819,-1.2215011559695956
820,-1.2215011559695956
821,-1.2215011559695956
822,-1.2215011559695919
823,-1.2215011559695956
824,-1.2215011559695956
825,-1.2215011559695956
826,-1.1952536983793445
827,-1.2215011559695956
828,-1.2215011559695956
829,-1.2215011559695956
830,-1.2215011559695956
831,-1.2215011559695956
832,-1.2215011559695956
833,-1.2215011559695956
834,-1.2215011559695956
835,-1.2215011559695956
836,-1.2215011559695932
837,-1.2184445888653543
838,-1.2215011559695956
839,-1.2215011559695956
840,-1.2215011559695956
841,-1.2215011559695956
842,-1.2215011559695956
843,-1.2215011559695956
844,-1.2215011559695956
845,-1.2215011559695956
846,-1.2215011559695956
847,-1.2215011559695956
848,-1.2215011559695956
849,-1.2215011559695956
850,-1.2215011559695956
851,-1.2215011559695956
852,-1.2215011559695956
853,-1.2215011559695956
854,-1.221500027209599
855,-1.2215011559695956
856,-1.2215011559695956
857,-1.2215011559695956
858,-1.221324301992179
859,-1.2215011559695956
860,-1.2215011559695956
861,-1.2215011559695956
862,-1.2215011559695956
863,-1.2215011559695956
864,-1.2215011559695956
865,-1.2215011559695956
866,-1.2215011559695956
867,-1.2215011559695956
868,-1.2215011559695956
869,-1.2215011559695956
870,-1.2215011559695956
871,-1.2215011558984992
872,-1.2215011559695956
873,-1.2215011559695956
874,-1.2215011559695956
875,-1.2215011559695956
876,-1.2215011559695956
877,-1.2215011559695956
878,-1.2215011559695956
879,-1.2215011559695956
880,-1.2215011559695956
881,-1.2215011559695956
882,-1.2215011559695956
883,-1.2215011559695956
884,-1.2215011559695956
885,-1.2215011559695956
886,-1.2215011559695956
887,-1.2215011559695956
888,-1.2215011559695956
889,-1.2215011559695956
890,-1.2215011559695956
891,-1.2215011559695956
892,-1.2215011559695956
893,-1.2215011559695956
894,-1.2215011559695956
895,-1.2215011559695956
896,-1.2215011559695956
897,-1.2215011559695956
898,-1.2215011559695956
899,-1.2215011559695956
900,-1.2215011559695956
901,-1.2215011559695956
902,-1.2215011559695956
903,-1.2215011559695956
904,-1.2215011559695956
905,-1.2215011559695956
906,-1.2215011559695956
907,-1.2215011559695956
908,-1.2215011559695956
909,-1.2215011559695956
910,-1.2215011559695956
911,-1.2215011559695956
912,-1.2215011559695956
913,-1.2215011559695956
914,-1.2215011559695956
915,-1.2215011559695956
916,-1.2215011559695956
917,-1.2215011559695956
918,-1.2214966353077392
919,0.7785396776904692
920,-1.2215011559695956
921,0.7784988440304044
922,-1.2215011559695956
923,-1.2215011559695956
924,-1.2215011559695956
925,-1.2215011559695956
926,-1.2215011559695956
927,-1.2215011559695956
928,-1.2215011559695956
929,-1.2215011559695956
930,-1.2215011559695956
931,-1.2215011559695956
932,-1.2215011559695956
933,-1.2215011559695956
934,-1.2215011518472392
935,-1.2215011559695956
936,-1.2215011559695956
937,-1.2215011559695956
938,-1.2215011559695956
939,-1.2215011559695956
940,-1.2215011559695939
941,-1.2215011468766372
942,-1.2215011559695956
943,-1.2215011559695956
944,-1.2215011559695956
945,-1.2215011559695956
946,-1.2215011559695956
947,-1.2215011559695956
948,-1.2215011559695956
949,-1.2215011559695956
950,-1.2215011559695956
951,-1.2214979156837513
952,-1.2214948447545537
953,-1.2215011559695956
954,-1.2215011559695956
955,-1.2215011559695956
956,-1.2215011559695956
957,-1.2215011559695956
958,-1.2215011559695956
959,-1.2215011559695956
960,-1.2215011559695956
961,-1.2215011559695956
962,-1.2215011559695956
963,-1.2215011559695956
964,-1.2214103561100706
965,-1.2215011559695956
966,-1.2215011559695956
967,-1.2215011559695956
968,-1.2215011559695956
969,0.7786433909558743
970,-1.2215011559695934
971,-1.2215011559695956
972,-1.2215011559695956
973,-1.2215011559695956
974,-1.2215011559695956
975,0.7784988528955938
976,-1.2215011559695956
977,-1.221501155969589
978,-1.2215011559695956
979,-1.2215011559695956
980,-1.2215011559695956
981,-1.2215011559695956
982,-1.2215011559695956
983,-1.2215011559695956
984,-1.2215011559695956
985,-1.2215011559695956
986,-1.2215011559695956
987,-1.2215011559695956
988,-1.2215011559695956
989,-1.2215011559695956
990,-1.2202715132022814
991,-1.2215011559695956
992,-1.221501155190942
993,-1.2215011559695956
994,-1.2215011559695956
995,-1.2215011559695956
996,-1.2215011559695956
997,-1.2215011559695956
998,-1.2215011559695956
999,-1.2215011559695956
1000,-1.2215011559695956
1001,-1.2215011559695956
1002,-1.2215011559695956
1003,-1.2215011559695956
1004,-1.221417895167022
1005,-1.2215011558274647
1006,-1.2215011559695956
1007,-1.2214888662877847
1008,-1.2215011502137447
1009,-1.221500944315963
1010,-1.2215011559695956
1011,-1.2215011559695956
1012,-1.2215011559695956
1013,-1.2215011559695956
1014,-1.2215009217206596
1015,-1.2215011559695956
1016,-1.2215011559695956
1017,0.7784988440304044
1018,-1.2215011559695956
1019,-1.2215011559695956
1020,-1.22149996433687
1021,-1.2215011403256577
1022,-1.2215011559695956
1023,-1.2215011559695956
1024,-1.2215011559695956
1025,-1.2215011559695956
1026,-1.2215011559695956
1027,-1.2215011559695956
1028,0.7784988440304044
1029,-1.218924385975953
1030,-1.2215011559695956
1031,-1.2215011559695956
1032,-1.2215011559695956
1033,-1.2215011559695956
1034,-1.1968094489840067
1035,-1.2179540535392683
1036,-1.2215011559590976
1037,-1.2215011559695956
1038,-1.2215011559695956
1039,-1.2215011559695956
1040,-1.2215011559695956
1041,-1.2215011559695956
1042,0.7784988440304044
1043,-1.2215011559695956
1044,-1.2215011559695956
1045,-1.2215011559695956
1046,-1.2215011559695956
1047,-1.221501155232964
1048,-1.2214994387355675
1049,-1.2215011559695956
1050,-1.2215011559686146
1051,-1.2215011559695956
1052,-1.2214466924698653
1053,-1.2215011559695956
1054,-1.2215011559695956
1055,0.7784988440304044
1056,-1.2215011559695956
1057,-1.2215011559695956
1058,-1.2215011559695956
1059,-1.2215011559695956
1060,0.7784988440304044
1061,-1.2215011559682127
1062,-1.2215011559695956
1063,-1.2215011559695956
1064,-1.2215011559695956
1065,-1.2215011518472392
1066,-1.2215011559695956
1067,-1.2215011559695956
1068,-1.2215011559695956
1069,-1.2215011559695956
1070,-1.2214966003976029
1071,-1.2215011559695774
1072,-1.2215011559695956
1073,-1.2215011559695956
1074,-1.2215011559695956
1075,-1.2215011559695703
1076,-1.2215011559695956
1077,-1.2214772101213853
1078,-1.2215011559695956
1079,-1.2215011559695956
1080,-1.2215011559695956
1081,-1.2165436211483467
1082,-1.2214849997043995
1083,-1.2215011559695956
1084,-1.2215011559695956
1085,-1.2215011559695956
1086,-1.2215011559695956
1087,-1.2215011559695956
1088,-1.221501155941731
1089,-1.2215011559695956
1090,-1.2215011559695956
1091,-1.2215011559695956
1092,0.7784988440307259
1093,-1.2215011559695956
1094,0.7784988440304044
1095,-1.2215011559695956
1096,-1.2214568183760288
1097,-1.2215011559695956
1098,-1.221501155764358
1099,-1.2215011559695956
1100,-1.2215011549458252
1101,-1.221501155969595
1102,0.7784988440304044
1103,0.778512925530962
1104,-1.2215011559695956
1105,-1.2215011559695956
1106,-1.2215011559695956
1107,-1.2215011559695956
1108,-1.2215011559695956
1109,-1.2215011559695956
1110,-1.2215011559695956
1111,-1.2215011559695956
1112,-1.2215011559695956
1113,-1.2215011559695956
1114,-1.2215011559695956
1115,-1.2215011559695956
1116,-1.2215011559695956
1117,-1.2215011559695956
1118,-1.2215011559695956
1119,-1.2215009946914246
1120,-1.2215011559695956
1121,-1.2215011559695956
1122,-1.2215011559695956
1123,-1.2215011559695956
1124,-1.2215011559695956
1125,-1.2215011559695865
1126,-1.2215011559695956
1127,-1.2215011559695956
1128,-1.2214948468767366
1129,-1.2215011559695956
1130,-1.2215011559695956
1131,-1.2215011559695956
1132,-1.2215011559695956
1133,-1.2215011559695956
1134,-1.2215011559688858
1135,-1.2214103561098835
1136,-1.2215011559695956
1137,-1.2205648043424302
1138,-1.2215011559695956
1139,-1.2215011559695956
1140,-1.2215011255096362
1141,-1.2215011559695956
1142,-1.2215011559695956
1143,-1.2215011559695956
1144,-1.2215011559695956
1145,-1.2215011559695956
1146,-1.2215011559695956
1147,-1.2215011559695956
1148,-1.221501155764356
1149,-1.2215011559695956
1150,-1.2215011559695956
1151,-1.2215011559695956
1152,-1.2215011559695956
1153,-1.2215011559695956
1154,-1.2215011559695956
1155,-1.2215011559695956
1156,-1.2215011559695956
1157,-1.2215011559695956
1158,-1.2215011559695956
1159,-1.2215011559695956
1160,-1.2215011559695956
1161,-1.2215011559695956
1162,-1.2215011559695956
1163,-1.2215011559695956
1164,-1.2215011559695956
1165,-1.2215011559695956
1166,-1.221500302127435
1167,-1.2215011559695956
1168,-1.2215011559154956
1169,-1.2215011559695956
1170,-1.2215011559695956
1171,-1.2215011559695956
1172,-1.2215011559695956
1173,-1.2215011559695956
1174,-1.2215011559695956
1175,-1.2215011559695956
1176,-1.2215011559695956
1177,-1.2215011559695956
1178,-1.2215011559695956
1179,-1.2215011559695956
1180,-1.2215011559695956
1181,-1.2215011559695956
1182,-1.2215011559695956
1183,-1.2215011559695912
1184,-1.2215011255096362
1185,-1.2215011559695956
1186,-1.2215011559695956
1187,-1.2214982304330104
1188,-1.2215011559695956
1189,-1.2215011559695956
1190,-1.2215011559695956
1191,-1.2215011559695956
1192,-1.2215011559695956
1193,-1.2215011559695956
1194,-1.2215011559695956
1195,-1.2215011559695956
1196,-1.2215011559695956
1197,-1.2215011559695956
1198,-1.2215011559695956
1199,-1.2215011559695956
1200,-1.2215011559695956
1201,0.7784988440304044
1202,-1.2215011559695956
1203,-1.2215011559695956
1204,-1.2215011559695956
1205,-1.2215011559695956
1206,-1.2215011559695956
1207,-1.2215011559695956
1208,-1.2215011559695956
1209,-1.2215011559695956
1210,-1.2215011559695956
1211,-1.2215011559695956
1212,-1.2215011559695956
1213,-1.2215011559695956
1214,-1.2215011559695956
1215,-1.2215011559695956
1216,-1.2215011559695956
1217,-1.2215011559695956
1218,-1.2215011559695956
1219,-1.2215011559695956
1220,-1.2215011559695956
1221,-1.2215011559695956
1222,-1.2215011559695956
1223,-1.2215011559695956
1224,-1.2215011559695956
1225,-1.2215011559695956
1226,-1.2215011559695956
1227,-1.221501155969589
1228,-1.2215011559695956
1229,-1.2215011559695956
1230,-1.2215011559695956
1231,-1.2215011559695956
1232,-1.2215011559695956
1233,-1.2215011559695956
1234,-1.2215011559695956
1235,-1.2215011559695956
1236,-1.2215011559695956
1237,-1.2215011559695956
1238,-1.2215011559695956
1239,-1.2215011559695956
1240,-1.2215011559695956
1241,-1.2215011559695956
1242,-1.2215011559695956
1243,-1.2215011559695956
1244,-1.2215011559695956
1245,-1.2215011559695956
1246,-1.2215011559695956
1247,-1.2215011559695956
1248,-1.2215011559695956
1249,-1.2215011559695956
1250,-1.2215011559695956
1251,-1.2215011559695956
1252,-1.221501155969591
1253,-1.2215011559695956
1254,0.7784988440304044
1255,-1.2215011559695956
1256,-1.217948948878127
1257,-1.2215011559694164
1258,-1.2215011559695956
1259,-1.2215011559695956
1260,-1.2215011559695956
1261,-1.2215011559695839
1262,-1.2215011559692295
1263,-1.2215011559695956
1264,-1.2215011559695956
1265,-1.2215011559695956
1266,-1.2215011559695956
1267,-1.2215011559695956
1268,-1.2215011559695956
1269,-1.2215011559695956
1270,-1.2215011559695956
1271,-1.2215011559695956
1272,-1.2215011559695956
1273,-1.2215011559695956
1274,0.7784988440304044
1275,-1.2215011559695956
1276,-1.2215011559695956
1277,-1.2215011559695956
1278,-1.2215011559695956
1279,-1.2215011559695956
1280,-1.2215011559695956
1281,-1.2215011559695956
1282,-1.2215011559695956
1283,-1.2215011559695956
1284,-1.2215011559695956
1285,-1.2215011559695956
1286,-1.2215011559695956
1287,-1.2215011559695956
1288,-1.2215011559695956
1289,-1.2215011559695956
1290,-1.2215011559695956
1291,-1.2215011559695956
1292,-1.2215011559695956
1293,-1.2215011559695956
1294,-1.2215011559695956
1295,-1.2215011559695956
1296,-1.2215011559695956
1297,-1.2215011559695956
1298,-1.2215011559695956
1299,-1.2215011559695956
1300,-1.202347903454911
1301,-1.2215011559695956
1302,-1.2215011559695945
1303,-1.2215011559695956
1304,-1.2215011559695956
1305,0.7784988440304044
1306,-1.2215011559695956
1307,-1.2215011559695956
1308,-1.2215011559695956
1309,-1.2215011559695956
1310,-1.2215011559695956
1311,-1.2215011559695956
1312,-1.2215011559695956
1313,-1.2215011559695956
1314,-1.2215011559695956
1315,-1.2215011559695956
1316,-1.2215011559695956
1317,-1.2215011559695956
1318,-1.2215011559695956
1319,-1.2215011559695956
1320,-1.2215011559695956
1321,-1.2215011559695956
1322,-1.2215011559695956
1323,-1.2215011520899255
1324,-1.2215011559695956
1325,-1.2215011559695956
1326,-1.2215011559695956
1327,-1.2215011559695956
1328,-1.2215011559695956
1329,-1.2215011559695956
1330,-1.2215011559695956
1331,-1.2215011559695956
1332,-1.1277480842523948
1333,-1.216839320742092
1334,-1.2215011559695956
1335,-1.2215011559695956
1336,-1.2215011559695956
1337,-1.2215011372103932
1338,-1.2215011559695956
1339,-1.2215011559695956
1340,-1.2215011559695956
1341,-1.2215011559695956
1342,-1.2215011559695956
1343,0.778703443784394
1344,-1.2215011559695956
1345,-1.2215011559695956
1346,-1.2215011559695956
1347,-1.2215011559695956
1348,-1.2215011559695956
1349,-1.2214994764950862
1350,-1.2215011559695956
1351,5.913732748560499
1352,-1.2215011559695956
1353,-1.2215011559695956
1354,-1.2215011559695956
1355,-1.2215011559695956
1356,-1.2215011559695956
1357,-1.2215011559695956
1358,-1.2215011559695956
1359,-1.2215011559695956
1360,-1.2215011559695956
1361,-1.2215011559695954
1362,-1.2215011559695956
1363,-1.221500111816535
1364,-1.2215011559695956
1365,-1.2215007175870143
1366,-1.2215011559695956
1367,-1.2215011559695956
1368,-1.2215011559695956
1369,-1.2215011559695956
1370,-1.2215011559695956
1371,-1.2215011559695956
1372,-1.2215011559695956
1373,-1.2215011559695956
1374,-1.2215011559695956
1375,-1.2215011559695956
1376,-1.2215011559695956
1377,-1.2215011559695956
1378,-1.2215011559695956
1379,-1.2215011559695956
1380,-1.2215011559695954
1381,-1.2215011559695956
1382,-1.2215011559695956
1383,-1.2215011559695956
1384,-1.2214840060913903
1385,-1.2215011559695956
1386,-1.2215011559695956
1387,-1.2215011559688858
1388,-1.2215011559695956
1389,0.7784988440304044
1390,-1.2215011559695956
1391,-1.2215011559695956
1392,0.7784988440304044
1393,-1.2215011559695956
1394,-1.2215011559695956
1395,-1.2215011559695956
1396,-1.2215011479404376
1397,-1.2215011559695956
1398,-1.2215011559695956
1399,-1.2215011559695956
1400,-1.2215011559695956
1401,-1.2215011559695956
1402,-1.2215011559695956
1403,0.7784988440304044
1404,-1.2215011559695956
1405,-1.2215011559695956
1406,-1.2215011559695956
1407,-1.2215011559695956
1408,-1.2215011559695956
1409,-1.2215011559695956
1410,-1.2215011559695956
1411,-1.2214360950271814
1412,-1.2215011559695956
1413,-1.2215011559695956
1414,-1.2215011559695956
1415,-1.2215011559695956
1416,-1.221488867544889
1417,-1.2215011559695956
1418,-1.2215011559695956
1419,-1.2215011559695956
1420,-1.2215011559695956
1421,-1.2215011559695956
1422,-1.2215011559695956
1423,-1.218980161535519
1424,-1.2215011559695956
1425,-1.2215011559695956
1426,-1.2215011559695956
1427,-1.2215011559695956
1428,-1.2215011559695956
1429,-1.2215011559695956
1430,-1.2215011559695956
1431,-1.2215011559695956
1432,-1.2215011559695956
1433,-1.2215011559695956
1434,-1.2215011559695956
1435,-1.2215011559695956
1436,-1.2215011559695956
1437,-1.2215011559695956
1438,-1.2215011559695956
1439,-1.2215011559695956
1440,-1.2215011559695956
1441,-1.2215011559695956
1442,-1.2215011559695956
1443,-1.2215011559695956
1444,-1.2215011559695956
1445,-1.2215011559695956
1446,-1.2215011559695956
1447,-1.2215011559695956
1448,-1.2215011559695956
1449,-1.2215011559695956
1450,-1.2215011559695956
1451,-1.2215011559695956
1452,-1.2215011559695956
1453,-1.2215011559695956
1454,-1.2215011559695956
1455,-1.2215011559695956
1456,-1.2215011559695956
1457,-1.2215011559695956
1458,-1.2215011559695956
1459,-1.2215011559695956
1460,-1.2215011559695956
1461,-1.221496899585528
1462,-1.2215011559695956
1463,-1.2215011559695956
1464,-1.2215011559695956
1465,198.77849890631273
1466,-1.221498508176403
1467,-1.2215011559695956
1468,-1.2215011559695956
1469,-1.2215011559695956
1470,-1.2215011559695956
1471,-1.2215011559695956
1472,-1.2215011559695956
1473,-1.2215011559695956
1474,-1.2215011559695956
1475,-1.2215011559695956
1476,-1.2215011559695956
1477,-1.2215011559695956
1478,-1.2215011559695956
1479,-1.2215011559695956
1480,-1.2215011559695956
1481,-1.2215011559695956
1482,-1.2215011559695956
1483,-1.2215011559695956
1484,-1.2215011559695956
1485,-1.2215011559695956
1486,-1.2215011559695956
1487,-1.2215011559695956
1488,-1.221501155748549
1489,-1.221501152988207
1490,-1.2215011559694995
1491,-1.2215011559695956
1492,-1.2214995882365502
1493,-1.2215011559695956
1494,-1.2215011559695956
1495,-1.1734272606847544
1496,-1.2215011559695956
1497,-1.2215011559695956
1498,-1.2215011559695956
1499,-1.221501155964662
1500,-1.2215011559695956
1501,-1.2215011403080496
1502,-1.2215011559695825
1503,-1.2215011559695956
1504,-1.2215011559695956
1505,-1.2215011559695956
1506,-1.2215011559695956
1507,-1.2215011559695956
1508,-1.2215011559695956
1509,-1.2215011559695956
1510,-1.2215011559695956
1511,-1.2215011559695956
1512,-1.2215011559695956
1513,-1.2215011559695956
1514,-1.2215011559695956
1515,-1.2215011559695956
1516,-1.2215011502164526
1517,-1.2215011559695956
1518,-1.2215011559695956
1519,-1.211353881759658
1520,-1.2215011559695956
1521,-1.2215011559695956
1522,-1.2215011559695956
1523,-1.2215011559695956
1524,-1.2215011559695956
1525,-1.2215011559695956
1526,-1.2215011559695956
1527,-1.2215011559695956
1528,-1.2215011559695956
1529,-1.2215011559695956
1530,-1.2215011559695956
1531,-1.2215011559695956
1532,-1.2215011559695956
1533,-1.2215011556605107
1534,-1.2187604819439897
1535,-1.2215004972050993
1536,-1.2215011559695956
1537,-1.2215011559695956
1538,-1.2195380926199593
1539,-1.2215011559695956
1540,-0.8154625421250538
1541,-1.2215011559695956
1542,-1.2215011559695956
1543,-1.2215011559695956
1544,-1.2215011559602238
1545,-1.2215011558985955
1546,-1.2215011559695956
1547,-1.2215011559695956
1548,-1.2215011559695956
1549,-1.2215011559695956
1550,-1.2215011559695956
1551,-1.2215011559695956
1552,-1.2215011559695956
1553,-1.2215011559695956
1554,-1.2215011559695956
1555,-1.2215011559695956
1556,-1.2215011559695956
1557,-1.2215011559695956
1558,-1.2215011559695956
1559,-1.2215011559695956
1560,-1.2215011559695956
1561,-1.2215011559695956
1562,-1.2215011559695956
1563,-1.2215011559695956
1564,-1.2215011559695956
1565,-1.2215011559695956
1566,-1.2215011559695956
1567,-1.221497916776011
1568,-1.2213348496667866
1569,-1.2215011559695956
1570,-1.2215011559695956
1571,-1.2215011559695956
1572,-1.221499921826572
1573,-1.2215011559695956
1574,-1.2215011559695956
1575,-1.2215011559695956
1576,-1.2215011559695956
1577,-1.2215000350333898
1578,-1.2215011559695956
1579,-1.2215011559136262
1580,-1.2215011559695956
1581,-1.220194372009861
1582,-1.2215011559695956
1583,-1.2215011559693758
1584,-1.2215011559695956
1585,-1.2215011559695956
1586,-1.2215011559695956
1587,-1.22097560107645
1588,-1.2215011559695954
1589,-1.2215011559695956
1590,-1.2215011559695956
1591,-1.2215011559695956
1592,-1.2215011559695623
1593,-1.2215011559695956
1594,0.7785842283950564
1595,-1.2215011559695956
1596,-1.2215011559695956
1597,-1.2215011559695947
1598,-1.2215011559695956
1599,-1.2215011559695956
1600,-1.2215011559695956
1601,-1.2215011559695956
1602,-1.220989429820823
1603,-1.2215011559695956
1604,-1.2215011559695956
1605,-1.2215011559695956
1606,-1.2215011559695956
1607,-1.2215011559695956
1608,-1.2215011559695956
1609,-1.2215011559695956
1610,-1.2215011559695956
1611,-1.2215011559695956
1612,-1.2215011559695956
1613,-1.2215011559695956
1614,-1.2215011559695956
1615,-1.2215011559695956
1616,-1.2215011559695956
1617,-1.2215011559695956
1618,-1.2215011559695956
1619,-1.2215011559695956
1620,-1.2215011559695956
1621,-1.2215011559695956
1622,-1.2215011559695956
1623,-1.2215011559695956
1624,-1.2215011559695956
1625,-1.2215011559695956
1626,-1.221496899585528
1627,-1.2215011559695956
1628,-1.2215011559695956
1629,-1.2215011559695956
1630,-1.2215011559695956
1631,-1.221501155969231
1632,-1.2215011559695956
1633,-1.2215011559695956
1634,-1.2215011559695956
1635,-1.2215011559695956
1636,-1.2215011559695956
1637,-1.2215011559695956
1638,-1.2215011559695956
1639,-1.2215011559695956
1640,-1.2215011559695956
1641,-1.2215011559695956
1642,-1.2215011559695956
1643,-1.2215011559695956
1644,-1.2215011559695956
1645,-1.2215011559695956
1646,-1.2215011559695956
1647,-1.2215011559695956
1648,-1.2215011543233023
1649,-1.2215010404146254
1650,-1.2215011559695956
1651,-1.2215011559695956
1652,-1.2215011559695956
1653,-1.2215011559695956
1654,-1.2215011559695956
1655,-1.2215011549452632
1656,-1.2215011559695956
1657,-1.2215011559695956
1658,-1.2215011559695956
1659,-1.2215011559695956
1660,-1.2215011559695956
1661,-1.2215011559695956
1662,-1.22102011574135
1663,1.4372243335371877
1664,-1.2215011559695956
1665,-1.2215011559695956
1666,-1.2215011559695956
1667,-1.2215011559695956
1668,-1.2215011559695956
1669,-1.2215011559695956
1670,-1.2215011548435075
1671,-1.2215011559695956
1672,-1.2215011559695956
1673,-1.2215011559695956
1674,-1.2215011559695956
1675,-1.2215011559695956
1676,-1.221501155515687
1677,-1.2215011559694084
1678,-1.2215011115843986
1679,-1.2204926682847326
1680,-1.2215011559695956
1681,-1.2215011559695956
1682,-1.2215011559695956
1683,-1.2215011559695956
1684,-1.2215011559695956
1685,-1.2215011559695956
1686,-1.2215011559695956
1687,-1.2215011559695947
1688,-1.2215011559695956
1689,-1.2215011559695956
1690,-1.2215011559640914
1691,-1.2215011559695956
1692,0.7785149713299837
1693,-1.2215011559695956
1694,-1.2215011559695956
1695,-1.2215011559695956
1696,-1.2215011559695956
1697,-1.2215011559695956
1698,-1.2215011559695956
1699,-1.2215011559695956
1700,-1.2215011559695956
1701,-1.2215011559695956
1702,-1.2215011559695956
1703,-1.2215011559695956
1704,-1.2215011559695956
1705,-1.2215011559695956
1706,-1.2215011559695956
1707,-1.2215011559695956
1708,-1.2215011559695956
1709,-1.2215011559695956
1710,-1.2215011559695923
1711,-1.2215011559695952
1712,-1.2215003520426524
1713,-1.2215011559695956
1714,-1.2215011559695956
1715,-1.2215011559695956
1716,-1.2215011559695956
1717,-1.2215011559695956
1718,-1.2215011559695956
1719,-1.2215011559695956
1720,-1.2215011559695956
1721,-1.2215011559695956
1722,-1.2215011559695956
1723,-1.2215011559695956
1724,-1.2215011559695956
1725,-1.2215011559695956
1726,-1.2215011559695956
1727,-1.2215011559695956
1728,-1.2215011559695956
1729,-1.2215011559695956
1730,-1.2215011559695956
1731,-1.2215011559695956
1732,-1.2215011559695956
1733,-1.2215011559695956
1734,-1.221501155968295
1735,-1.2215011559695956
1736,-1.2215011559695885
1737,-1.2215011544530343
1738,-1.2215011559695956
1739,-1.2215011191503011
1740,-1.2215011557720235
1741,-1.2215011559695956
1742,-1.221501029642241
1743,-1.2214948468767366
1744,-1.1848698781918663
1745,-1.2215011559695956
1746,-1.1460302194607235
1747,-1.2215011559695956
1748,-1.2215011559695956
1749,-1.2215011559695956
1750,-1.2215011559695956
1751,-1.2215011559695956
1752,-1.2215011556530346
1753,-1.2197356267197184
1754,-1.2215011559695956
1755,-1.2215011559695956
1756,-1.2215011559695956
1757,-0.9508305894963702
1758,-1.2215011559695956
1759,-1.2215011559695956
1760,-1.2215011558307989
1761,-1.221501140330931
1762,-1.2215011559695956
1763,-1.2215011559695956
1764,-1.2215011543694505
1765,0.7784988440399856
1766,-1.2215011559695956
1767,0.7784988440304048
1768,-1.2215011559695956
1769,-1.2215011559695956
1770,-1.2215011559695956
1771,-1.2215011559695956
1772,-1.2215011559695956
1773,-1.2215011548285406
1774,-1.2215011559561857
1775,-0.9115062737311019
1776,-1.2215011559695956
1777,-1.2215011559695956
1778,-1.2215011559695956
1779,-1.2215011559695956
1780,-1.221501072838595
1781,-1.221501029642241
1782,-1.2215011559695956
1783,-1.2214947981567192
1784,1.1774934194279467
1785,-1.2180340737108444
1786,-0.96688972303299
1787,-1.2215011559695956
1788,-1.2215011559694195
1789,-1.2215011559695956
1790,-1.2215011559695956
1791,-1.2214981071516875
1792,-1.221501134142554
1793,-1.2215011559695956
1794,-1.2215011559695956
1795,-1.2215011559695956
1796,-1.2215011559695956
1797,-1.2145824012963233
1798,-1.2215011559695956
1799,-1.2215011502164526
1800,-1.2215011559695956
1801,-1.2215011559695956
1802,-1.2215011559695956
1803,-1.2215011559695956
1804,-1.2179152171980072
1805,0.7784988440304044
1806,-1.2215011559695956
1807,-1.2215011559695956
1808,-1.2215011559695048
1809,-1.2215011559695956
1810,-1.2215011559695956
1811,-1.2215011559695956
1812,-1.2214545067422569
1813,-1.2215011559695956
1814,198.778847342108
1815,-1.2215011559695956
1816,-1.2215011559695956
1817,-1.2215011559695956
1818,-1.2215011559695956
1819,-1.2215011559695956
1820,0.7784988440304044
1821,-1.2215011559695956
1822,-1.2215011559695956
1823,-1.2215011559306954
1824,-1.2215011559695956
1825,-1.2215011559695956
1826,-1.2215011559695956
1827,-1.221374396423786
1828,-1.2215011559695956
1829,0.7784988440304044
1830,-1.2215011559695956
1831,-1.2215011559695956
1832,0.7784988440304044
1833,-1.2215011559695956
1834,-1.2214573036681076
1835,-1.2215011559695956
1836,-1.2214989713961042
1837,-1.2214479944504704
1838,-1.2215011559695956
1839,-1.2196282453703693
1840,-1.2215011559695956
1841,-1.2215011559695956
1842,-1.2215011559695956
1843,-1.2215011559695956
1844,-1.2214690871179767
1845,-1.2215011559695956
1846,-1.2215011559695956
1847,-1.2215011559695956
1848,-1.2215011559695774
1849,3.890805485331885
1850,-1.22150115596911
1851,-1.221501155969409
1852,-1.2215011559695956
1853,-1.2215011559695956
1854,-1.2215011559695956
1855,-1.2215011559695956
1856,0.7785014118434568
1857,-1.2212575285363072
1858,-1.2215011559695956
1859,-1.2215011554295447
1860,-1.2215011551735804
1861,-1.2215011559695956
1862,-1.2214999125938268
1863,-1.2215011559695956
1864,-1.2215011559695956
1865,-1.2215011559695956
1866,-1.2215011559695956
1867,-1.2149928733035535
1868,-1.2215011559669022
1869,-1.2215011559695956
1870,0.7784994565984367
1871,-1.2215002336678538
1872,-1.221501155969591
1873,-1.2214994315002825
1874,-1.2215011559693343
1875,-1.2152712642183645
1876,-1.2214966180390179
1877,-1.2215011559695956
1878,-1.2215011559695956
1879,-1.2215011559695956
1880,-1.2215011559695956
1881,-1.2215011559695956
1882,-1.2214765109644814
1883,-1.2215011559695956
1884,-1.2215011559695956
1885,-1.221501155969541
1886,-1.2215009814361368
1887,-1.2215011559695956
1888,-1.2215011559695956
1889,-1.2215011559695956
1890,-1.2215011559695956
1891,-1.221501155947092
1892,-1.221500302119447
1893,-1.2215011559690614
1894,-1.2215011559695956
1895,-1.2215011559695956
1896,-1.2215011559695956
1897,0.7791872555233927
1898,-1.221501155969461
1899,-1.2215011559695956
1900,-1.221488867544889
1901,-1.2215011559695956
1902,-1.2215011559695956
1903,-1.2215011559695956
1904,-1.2208302307137808
1905,-1.2215011559695952
1906,-1.2215011559695956
1907,-1.2215011559695956
1908,-1.2215011559695956
1909,-1.2215011559695956
1910,0.7785108318600036
1911,-1.2215011559695956
1912,0.7785035163089347
1913,0.7784988440304044
1914,-1.2215011559695939
1915,-1.2215011502084647
1916,-1.2215011559695956
1917,-1.2215011559695956
1918,-1.2215011559695956
1919,-1.2215011559695956
1920,-1.1460302194607235
1921,-1.2215011559695956
1922,-1.2215011559695956
1923,-1.2215011559695956
1924,-1.21683777956483
1925,-1.2214993691883838
1926,-1.2208302306078167
1927,-1.22097560107645
1928,-1.2215011559695956
1929,-1.2215011559695785
1930,-1.2215011559695956
1931,-1.2214994034162725
1932,-1.2215011559154703
1933,-1.221501155968212
1934,-1.2215011559695956
1935,-1.1952453040245132
1936,0.7784989653384791
1937,-1.2215011559695956
1938,-1.2215011509056584
1939,-1.2215011559695956
1940,-1.2215011403307237
1941,-0.194535661315284
1942,-1.2215011559695956
1943,-1.2215011559694084
1944,-1.2215011559695956
1945,-1.2215011559154956
1946,-1.2215011559695956
1947,-1.2215011456888107
1948,-1.2215011559695956
1949,-1.2215011559695956
1950,-1.2215011559695956
1951,-1.2215011559695956
1952,-1.2178536062990963
1953,-1.2215006603282794
1954,-1.2215011559627107
1955,-1.2215011559695956
1956,-1.2215011559695956
1957,-1.2215011559695956
1958,-1.2215011026716316
1959,-1.2215011559695939
1960,-1.2214975127493464
1961,-1.2215011559695956
1962,-1.2215011559695956
1963,-1.2211768225824724
1964,-1.221501155967663
1965,-1.2215011559695956
1966,-1.2215011354293652
1967,-1.1848694775641315
1968,-1.2208302241551348
1969,-1.2215011559695956
1970,-1.2215011559695956
1971,-1.2214103560947902
1972,-1.2215011559695956
1973,-1.2215011559695956
1974,-1.2215011559695956
1975,-1.2215011559695956
1976,-1.221501155968664
1977,-1.2215011559695956
1978,-1.2215011545052668
1979,-1.2215011559695956
1980,-1.2215011559695956
1981,-1.2215011559695956
1982,-1.2215011559695956
1983,-1.2215011559695956
1984,-1.2215011559695956
1985,-1.2215011559695956
1986,-1.2215005811513222
1987,0.7784988461476032
1988,-1.2215011559695956
1989,0.7784988481527118
1990,-1.2215011559154956
1991,-1.2215011559695956
1992,-1.2215011559695956
1993,-1.2215011559695956
1994,-1.2215011559695956
1995,-1.2215011559695956
1996,-1.2215011559695956
1997,-1.2215011559695956
1998,-1.2215011559695956
1999,1.9087116728123434
2000,-1.2215011559695956
